ID;Cluster
1;cluster_1
2;cluster_1
3;cluster_2
4;cluster_2
5;cluster_3
6;cluster_3
7;cluster_2
8;cluster_4
9;cluster_0
10;cluster_3
11;cluster_2
12;cluster_2
13;cluster_0
14;cluster_3
15;cluster_3
16;cluster_0
17;cluster_0
18;cluster_3
19;cluster_3
20;cluster_3
21;cluster_1
22;cluster_3
23;cluster_3
24;cluster_0
25;cluster_4
26;cluster_1
27;cluster_3
28;cluster_3
29;cluster_1
30;cluster_0
31;cluster_2
32;cluster_3
33;cluster_5
34;cluster_2
35;cluster_4
36;cluster_3
37;cluster_3
38;cluster_0
39;cluster_3
40;cluster_5
41;cluster_1
42;cluster_1
43;cluster_3
44;cluster_5
45;cluster_1
46;cluster_0
47;cluster_0
48;cluster_2
49;cluster_5
50;cluster_3
51;cluster_4
52;cluster_1
53;cluster_4
54;cluster_4
55;cluster_1
56;cluster_2
57;cluster_3
58;cluster_5
59;cluster_4
60;cluster_2
61;cluster_2
62;cluster_4
63;cluster_2
64;cluster_3
65;cluster_2
66;cluster_2
67;cluster_2
68;cluster_3
69;cluster_1
70;cluster_1
71;cluster_3
72;cluster_2
73;cluster_3
74;cluster_5
75;cluster_2
76;cluster_2
77;cluster_3
78;cluster_3
79;cluster_5
80;cluster_3
81;cluster_1
82;cluster_3
83;cluster_1
84;cluster_2
85;cluster_0
86;cluster_3
87;cluster_1
88;cluster_3
89;cluster_2
90;cluster_5
91;cluster_5
92;cluster_2
93;cluster_5
94;cluster_5
95;cluster_3
96;cluster_3
97;cluster_3
98;cluster_3
99;cluster_2
100;cluster_3
101;cluster_3
102;cluster_2
103;cluster_0
104;cluster_0
105;cluster_4
106;cluster_4
107;cluster_3
108;cluster_1
109;cluster_0
110;cluster_0
111;cluster_5
112;cluster_2
113;cluster_3
114;cluster_3
115;cluster_3
116;cluster_3
117;cluster_2
118;cluster_3
119;cluster_3
120;cluster_3
121;cluster_1
122;cluster_5
123;cluster_1
124;cluster_2
125;cluster_1
126;cluster_4
127;cluster_5
128;cluster_0
129;cluster_0
130;cluster_2
131;cluster_3
132;cluster_2
133;cluster_2
134;cluster_5
135;cluster_3
136;cluster_1
137;cluster_2
138;cluster_4
139;cluster_3
140;cluster_1
141;cluster_2
142;cluster_0
143;cluster_4
144;cluster_2
145;cluster_2
146;cluster_1
147;cluster_4
148;cluster_3
149;cluster_1
150;cluster_5
151;cluster_3
152;cluster_2
153;cluster_2
154;cluster_3
155;cluster_2
156;cluster_0
157;cluster_4
158;cluster_3
159;cluster_3
160;cluster_2
161;cluster_1
162;cluster_3
163;cluster_3
164;cluster_5
165;cluster_5
166;cluster_3
167;cluster_2
168;cluster_0
169;cluster_3
170;cluster_3
171;cluster_5
172;cluster_3
173;cluster_0
174;cluster_5
175;cluster_0
176;cluster_5
177;cluster_5
178;cluster_1
179;cluster_5
180;cluster_1
181;cluster_2
182;cluster_2
183;cluster_1
184;cluster_3
185;cluster_3
186;cluster_2
187;cluster_3
188;cluster_5
189;cluster_4
190;cluster_3
191;cluster_0
192;cluster_3
193;cluster_5
194;cluster_2
195;cluster_0
196;cluster_3
197;cluster_3
198;cluster_2
199;cluster_2
200;cluster_3
201;cluster_5
202;cluster_2
203;cluster_2
204;cluster_3
205;cluster_1
206;cluster_2
207;cluster_2
208;cluster_3
209;cluster_1
210;cluster_2
211;cluster_4
212;cluster_4
213;cluster_1
214;cluster_2
215;cluster_1
216;cluster_2
217;cluster_0
218;cluster_4
219;cluster_5
220;cluster_1
221;cluster_1
222;cluster_1
223;cluster_1
224;cluster_3
225;cluster_1
226;cluster_5
227;cluster_3
228;cluster_1
229;cluster_4
230;cluster_4
231;cluster_1
232;cluster_1
233;cluster_0
234;cluster_0
235;cluster_3
236;cluster_2
237;cluster_1
238;cluster_3
239;cluster_2
240;cluster_3
241;cluster_3
242;cluster_5
243;cluster_4
244;cluster_0
245;cluster_3
246;cluster_1
247;cluster_1
248;cluster_5
249;cluster_1
250;cluster_1
251;cluster_3
252;cluster_3
253;cluster_0
254;cluster_3
255;cluster_1
256;cluster_0
257;cluster_2
258;cluster_3
259;cluster_5
260;cluster_2
261;cluster_2
262;cluster_3
263;cluster_0
264;cluster_2
265;cluster_3
266;cluster_3
267;cluster_2
268;cluster_2
269;cluster_3
270;cluster_3
271;cluster_1
272;cluster_3
273;cluster_1
274;cluster_1
275;cluster_5
276;cluster_3
277;cluster_3
278;cluster_3
279;cluster_2
280;cluster_1
281;cluster_3
282;cluster_0
283;cluster_3
284;cluster_1
285;cluster_1
286;cluster_2
287;cluster_3
288;cluster_3
289;cluster_3
290;cluster_1
291;cluster_1
292;cluster_3
293;cluster_5
294;cluster_2
295;cluster_0
296;cluster_4
297;cluster_1
298;cluster_0
299;cluster_0
300;cluster_4
301;cluster_2
302;cluster_0
303;cluster_0
304;cluster_5
305;cluster_5
306;cluster_1
307;cluster_1
308;cluster_3
309;cluster_3
310;cluster_3
311;cluster_4
312;cluster_4
313;cluster_0
314;cluster_5
315;cluster_0
316;cluster_5
317;cluster_4
318;cluster_5
319;cluster_3
320;cluster_3
321;cluster_3
322;cluster_3
323;cluster_4
324;cluster_2
325;cluster_1
326;cluster_1
327;cluster_0
328;cluster_4
329;cluster_5
330;cluster_1
331;cluster_3
332;cluster_3
333;cluster_2
334;cluster_0
335;cluster_0
336;cluster_5
337;cluster_4
338;cluster_3
339;cluster_3
340;cluster_1
341;cluster_2
342;cluster_5
343;cluster_2
344;cluster_3
345;cluster_3
346;cluster_0
347;cluster_3
348;cluster_3
349;cluster_2
350;cluster_2
351;cluster_2
352;cluster_5
353;cluster_2
354;cluster_3
355;cluster_2
356;cluster_4
357;cluster_4
358;cluster_3
359;cluster_1
360;cluster_1
361;cluster_2
362;cluster_1
363;cluster_2
364;cluster_0
365;cluster_1
366;cluster_3
367;cluster_0
368;cluster_2
369;cluster_0
370;cluster_2
371;cluster_5
372;cluster_2
373;cluster_0
374;cluster_4
375;cluster_4
376;cluster_5
377;cluster_2
378;cluster_2
379;cluster_2
380;cluster_2
381;cluster_3
382;cluster_5
383;cluster_2
384;cluster_2
385;cluster_3
386;cluster_3
387;cluster_3
388;cluster_5
389;cluster_3
390;cluster_0
391;cluster_5
392;cluster_3
393;cluster_5
394;cluster_0
395;cluster_0
396;cluster_3
397;cluster_2
398;cluster_0
399;cluster_2
400;cluster_2
401;cluster_1
402;cluster_3
403;cluster_3
404;cluster_0
405;cluster_2
406;cluster_3
407;cluster_0
408;cluster_3
409;cluster_2
410;cluster_2
411;cluster_2
412;cluster_1
413;cluster_3
414;cluster_4
415;cluster_1
416;cluster_1
417;cluster_1
418;cluster_4
419;cluster_2
420;cluster_3
421;cluster_5
422;cluster_3
423;cluster_3
424;cluster_1
425;cluster_1
426;cluster_0
427;cluster_2
428;cluster_3
429;cluster_0
430;cluster_5
431;cluster_4
432;cluster_0
433;cluster_1
434;cluster_3
435;cluster_5
436;cluster_0
437;cluster_1
438;cluster_4
439;cluster_0
440;cluster_3
441;cluster_0
442;cluster_3
443;cluster_3
444;cluster_3
445;cluster_1
446;cluster_3
447;cluster_5
448;cluster_3
449;cluster_1
450;cluster_3
451;cluster_0
452;cluster_3
453;cluster_3
454;cluster_4
455;cluster_1
456;cluster_5
457;cluster_4
458;cluster_2
459;cluster_1
460;cluster_4
461;cluster_4
462;cluster_2
463;cluster_3
464;cluster_3
465;cluster_5
466;cluster_3
467;cluster_1
468;cluster_3
469;cluster_3
470;cluster_3
471;cluster_4
472;cluster_3
473;cluster_2
474;cluster_3
475;cluster_3
476;cluster_1
477;cluster_3
478;cluster_3
479;cluster_1
480;cluster_2
481;cluster_0
482;cluster_5
483;cluster_5
484;cluster_2
485;cluster_1
486;cluster_0
487;cluster_3
488;cluster_5
489;cluster_3
490;cluster_2
491;cluster_2
492;cluster_4
493;cluster_2
494;cluster_5
495;cluster_2
496;cluster_5
497;cluster_2
498;cluster_2
499;cluster_3
500;cluster_1
501;cluster_0
502;cluster_2
503;cluster_4
504;cluster_2
505;cluster_0
506;cluster_3
507;cluster_3
508;cluster_3
509;cluster_1
510;cluster_3
511;cluster_3
512;cluster_2
513;cluster_5
514;cluster_2
515;cluster_3
516;cluster_1
517;cluster_2
518;cluster_1
519;cluster_2
520;cluster_4
521;cluster_4
522;cluster_3
523;cluster_3
524;cluster_2
525;cluster_5
526;cluster_2
527;cluster_1
528;cluster_3
529;cluster_4
530;cluster_0
531;cluster_5
532;cluster_2
533;cluster_2
534;cluster_2
535;cluster_4
536;cluster_1
537;cluster_2
538;cluster_2
539;cluster_1
540;cluster_5
541;cluster_1
542;cluster_3
543;cluster_5
544;cluster_3
545;cluster_1
546;cluster_0
547;cluster_5
548;cluster_1
549;cluster_5
550;cluster_3
551;cluster_3
552;cluster_5
553;cluster_5
554;cluster_3
555;cluster_3
556;cluster_3
557;cluster_5
558;cluster_3
559;cluster_5
560;cluster_5
561;cluster_5
562;cluster_3
563;cluster_1
564;cluster_1
565;cluster_3
566;cluster_1
567;cluster_3
568;cluster_4
569;cluster_5
570;cluster_3
571;cluster_1
572;cluster_3
573;cluster_4
574;cluster_2
575;cluster_2
576;cluster_3
577;cluster_2
578;cluster_2
579;cluster_3
580;cluster_3
581;cluster_3
582;cluster_1
583;cluster_1
584;cluster_5
585;cluster_3
586;cluster_1
587;cluster_0
588;cluster_0
589;cluster_3
590;cluster_3
591;cluster_0
592;cluster_1
593;cluster_3
594;cluster_3
595;cluster_3
596;cluster_3
597;cluster_5
598;cluster_3
599;cluster_0
600;cluster_3
601;cluster_1
602;cluster_2
603;cluster_2
604;cluster_2
605;cluster_1
606;cluster_3
607;cluster_2
608;cluster_2
609;cluster_2
610;cluster_1
611;cluster_1
612;cluster_0
613;cluster_5
614;cluster_4
615;cluster_0
616;cluster_3
617;cluster_3
618;cluster_1
619;cluster_0
620;cluster_3
621;cluster_3
622;cluster_5
623;cluster_4
624;cluster_1
625;cluster_1
626;cluster_3
627;cluster_3
628;cluster_2
629;cluster_3
630;cluster_1
631;cluster_4
632;cluster_5
633;cluster_2
634;cluster_5
635;cluster_4
636;cluster_4
637;cluster_4
638;cluster_2
639;cluster_2
640;cluster_3
641;cluster_2
642;cluster_2
643;cluster_3
644;cluster_4
645;cluster_1
646;cluster_2
647;cluster_3
648;cluster_3
649;cluster_3
650;cluster_3
651;cluster_2
652;cluster_0
653;cluster_2
654;cluster_2
655;cluster_2
656;cluster_2
657;cluster_3
658;cluster_1
659;cluster_4
660;cluster_1
661;cluster_2
662;cluster_3
663;cluster_5
664;cluster_3
665;cluster_2
666;cluster_2
667;cluster_3
668;cluster_2
669;cluster_2
670;cluster_3
671;cluster_5
672;cluster_0
673;cluster_1
674;cluster_5
675;cluster_5
676;cluster_0
677;cluster_3
678;cluster_4
679;cluster_2
680;cluster_4
681;cluster_3
682;cluster_3
683;cluster_3
684;cluster_1
685;cluster_3
686;cluster_4
687;cluster_2
688;cluster_2
689;cluster_3
690;cluster_3
691;cluster_0
692;cluster_0
693;cluster_4
694;cluster_5
695;cluster_1
696;cluster_0
697;cluster_1
698;cluster_3
699;cluster_5
700;cluster_3
701;cluster_3
702;cluster_0
703;cluster_3
704;cluster_1
705;cluster_1
706;cluster_3
707;cluster_1
708;cluster_2
709;cluster_3
710;cluster_0
711;cluster_5
712;cluster_5
713;cluster_5
714;cluster_5
715;cluster_2
716;cluster_3
717;cluster_1
718;cluster_0
719;cluster_2
720;cluster_2
721;cluster_2
722;cluster_2
723;cluster_2
724;cluster_4
725;cluster_2
726;cluster_0
727;cluster_0
728;cluster_3
729;cluster_0
730;cluster_0
731;cluster_5
732;cluster_2
733;cluster_1
734;cluster_1
735;cluster_0
736;cluster_4
737;cluster_5
738;cluster_3
739;cluster_4
740;cluster_1
741;cluster_3
742;cluster_2
743;cluster_1
744;cluster_2
745;cluster_1
746;cluster_4
747;cluster_2
748;cluster_3
749;cluster_0
750;cluster_5
751;cluster_2
752;cluster_2
753;cluster_5
754;cluster_5
755;cluster_0
756;cluster_0
757;cluster_0
758;cluster_0
759;cluster_3
760;cluster_4
761;cluster_1
762;cluster_1
763;cluster_3
764;cluster_3
765;cluster_3
766;cluster_4
767;cluster_1
768;cluster_3
769;cluster_0
770;cluster_3
771;cluster_1
772;cluster_0
773;cluster_1
774;cluster_4
775;cluster_5
776;cluster_0
777;cluster_1
778;cluster_4
779;cluster_3
780;cluster_1
781;cluster_1
782;cluster_1
783;cluster_2
784;cluster_3
785;cluster_4
786;cluster_2
787;cluster_2
788;cluster_3
789;cluster_1
790;cluster_5
791;cluster_2
792;cluster_2
793;cluster_5
794;cluster_2
795;cluster_2
796;cluster_2
797;cluster_5
798;cluster_5
799;cluster_3
800;cluster_1
801;cluster_2
802;cluster_0
803;cluster_0
804;cluster_2
805;cluster_3
806;cluster_1
807;cluster_3
808;cluster_1
809;cluster_3
810;cluster_4
811;cluster_4
812;cluster_3
813;cluster_3
814;cluster_1
815;cluster_3
816;cluster_3
817;cluster_3
818;cluster_3
819;cluster_3
820;cluster_3
821;cluster_4
822;cluster_1
823;cluster_3
824;cluster_3
825;cluster_4
826;cluster_3
827;cluster_3
828;cluster_3
829;cluster_3
830;cluster_2
831;cluster_3
832;cluster_3
833;cluster_3
834;cluster_1
835;cluster_4
836;cluster_4
837;cluster_0
838;cluster_3
839;cluster_1
840;cluster_3
841;cluster_0
842;cluster_5
843;cluster_5
844;cluster_0
845;cluster_2
846;cluster_5
847;cluster_0
848;cluster_5
849;cluster_0
850;cluster_2
851;cluster_0
852;cluster_0
853;cluster_4
854;cluster_5
855;cluster_5
856;cluster_5
857;cluster_5
858;cluster_2
859;cluster_3
860;cluster_1
861;cluster_1
862;cluster_2
863;cluster_2
864;cluster_0
865;cluster_5
866;cluster_2
867;cluster_2
868;cluster_0
869;cluster_2
870;cluster_2
871;cluster_3
872;cluster_2
873;cluster_2
874;cluster_2
875;cluster_2
876;cluster_2
877;cluster_5
878;cluster_2
879;cluster_2
880;cluster_0
881;cluster_4
882;cluster_3
883;cluster_0
884;cluster_2
885;cluster_2
886;cluster_1
887;cluster_2
888;cluster_3
889;cluster_3
890;cluster_2
891;cluster_2
892;cluster_4
893;cluster_3
894;cluster_2
895;cluster_2
896;cluster_0
897;cluster_3
898;cluster_0
899;cluster_3
900;cluster_5
901;cluster_3
902;cluster_4
903;cluster_1
904;cluster_2
905;cluster_1
906;cluster_3
907;cluster_3
908;cluster_1
909;cluster_3
910;cluster_5
911;cluster_1
912;cluster_0
913;cluster_3
914;cluster_4
915;cluster_1
916;cluster_0
917;cluster_3
918;cluster_3
919;cluster_0
920;cluster_3
921;cluster_0
922;cluster_4
923;cluster_2
924;cluster_4
925;cluster_4
926;cluster_2
927;cluster_5
928;cluster_4
929;cluster_2
930;cluster_3
931;cluster_3
932;cluster_0
933;cluster_4
934;cluster_2
935;cluster_1
936;cluster_2
937;cluster_2
938;cluster_1
939;cluster_3
940;cluster_3
941;cluster_2
942;cluster_2
943;cluster_3
944;cluster_2
945;cluster_5
946;cluster_5
947;cluster_2
948;cluster_5
949;cluster_2
950;cluster_2
951;cluster_2
952;cluster_5
953;cluster_3
954;cluster_2
955;cluster_2
956;cluster_2
957;cluster_2
958;cluster_2
959;cluster_3
960;cluster_3
961;cluster_0
962;cluster_1
963;cluster_2
964;cluster_3
965;cluster_3
966;cluster_2
967;cluster_3
968;cluster_3
969;cluster_5
970;cluster_3
971;cluster_3
972;cluster_5
973;cluster_0
974;cluster_3
975;cluster_2
976;cluster_2
977;cluster_5
978;cluster_3
979;cluster_2
980;cluster_4
981;cluster_0
982;cluster_3
983;cluster_3
984;cluster_1
985;cluster_3
986;cluster_3
987;cluster_0
988;cluster_5
989;cluster_3
990;cluster_3
991;cluster_3
992;cluster_1
993;cluster_2
994;cluster_0
995;cluster_3
996;cluster_3
997;cluster_5
998;cluster_2
999;cluster_0
1000;cluster_5
1001;cluster_0
1002;cluster_2
1003;cluster_4
1004;cluster_0
1005;cluster_1
1006;cluster_3
1007;cluster_3
1008;cluster_2
1009;cluster_3
1010;cluster_3
1011;cluster_3
1012;cluster_4
1013;cluster_2
1014;cluster_1
1015;cluster_2
1016;cluster_2
1017;cluster_0
1018;cluster_0
1019;cluster_2
1020;cluster_3
1021;cluster_4
1022;cluster_2
1023;cluster_1
1024;cluster_3
1025;cluster_2
1026;cluster_4
1027;cluster_4
1028;cluster_0
1029;cluster_2
1030;cluster_2
1031;cluster_2
1032;cluster_2
1033;cluster_0
1034;cluster_4
1035;cluster_5
1036;cluster_4
1037;cluster_3
1038;cluster_5
1039;cluster_3
1040;cluster_5
1041;cluster_3
1042;cluster_3
1043;cluster_2
1044;cluster_4
1045;cluster_2
1046;cluster_5
1047;cluster_2
1048;cluster_0
1049;cluster_2
1050;cluster_2
1051;cluster_2
1052;cluster_2
1053;cluster_3
1054;cluster_0
1055;cluster_5
1056;cluster_5
1057;cluster_3
1058;cluster_4
1059;cluster_2
1060;cluster_2
1061;cluster_0
1062;cluster_3
1063;cluster_1
1064;cluster_5
1065;cluster_2
1066;cluster_0
1067;cluster_5
1068;cluster_2
1069;cluster_2
1070;cluster_2
1071;cluster_2
1072;cluster_4
1073;cluster_2
1074;cluster_4
1075;cluster_2
1076;cluster_3
1077;cluster_3
1078;cluster_2
1079;cluster_5
1080;cluster_3
1081;cluster_3
1082;cluster_3
1083;cluster_0
1084;cluster_2
1085;cluster_2
1086;cluster_0
1087;cluster_1
1088;cluster_3
1089;cluster_3
1090;cluster_0
1091;cluster_1
1092;cluster_1
1093;cluster_1
1094;cluster_3
1095;cluster_1
1096;cluster_3
1097;cluster_2
1098;cluster_2
1099;cluster_2
1100;cluster_0
1101;cluster_4
1102;cluster_4
1103;cluster_3
1104;cluster_3
1105;cluster_2
1106;cluster_3
1107;cluster_2
1108;cluster_2
1109;cluster_2
1110;cluster_2
1111;cluster_2
1112;cluster_2
1113;cluster_0
1114;cluster_5
1115;cluster_4
1116;cluster_3
1117;cluster_1
1118;cluster_2
1119;cluster_0
1120;cluster_2
1121;cluster_3
1122;cluster_3
1123;cluster_3
1124;cluster_0
1125;cluster_1
1126;cluster_3
1127;cluster_2
1128;cluster_2
1129;cluster_5
1130;cluster_2
1131;cluster_3
1132;cluster_3
1133;cluster_3
1134;cluster_2
1135;cluster_2
1136;cluster_2
1137;cluster_5
1138;cluster_2
1139;cluster_5
1140;cluster_2
1141;cluster_5
1142;cluster_5
1143;cluster_0
1144;cluster_4
1145;cluster_5
1146;cluster_5
1147;cluster_5
1148;cluster_5
1149;cluster_0
1150;cluster_5
1151;cluster_0
1152;cluster_3
1153;cluster_3
1154;cluster_3
1155;cluster_1
1156;cluster_2
1157;cluster_3
1158;cluster_3
1159;cluster_1
1160;cluster_3
1161;cluster_3
1162;cluster_0
1163;cluster_1
1164;cluster_2
1165;cluster_3
1166;cluster_2
1167;cluster_4
1168;cluster_3
1169;cluster_4
1170;cluster_3
1171;cluster_5
1172;cluster_5
1173;cluster_3
1174;cluster_3
1175;cluster_3
1176;cluster_3
1177;cluster_5
1178;cluster_5
1179;cluster_0
1180;cluster_5
1181;cluster_4
1182;cluster_1
1183;cluster_3
1184;cluster_4
1185;cluster_5
1186;cluster_2
1187;cluster_0
1188;cluster_3
1189;cluster_3
1190;cluster_5
1191;cluster_3
1192;cluster_2
1193;cluster_3
1194;cluster_3
1195;cluster_4
1196;cluster_4
1197;cluster_4
1198;cluster_5
1199;cluster_4
1200;cluster_3
1201;cluster_2
1202;cluster_1
1203;cluster_4
1204;cluster_0
1205;cluster_2
1206;cluster_3
1207;cluster_2
1208;cluster_2
1209;cluster_2
1210;cluster_4
1211;cluster_3
1212;cluster_2
1213;cluster_1
1214;cluster_3
1215;cluster_3
1216;cluster_2
1217;cluster_4
1218;cluster_4
1219;cluster_4
1220;cluster_4
1221;cluster_3
1222;cluster_5
1223;cluster_3
1224;cluster_1
1225;cluster_4
1226;cluster_3
1227;cluster_1
1228;cluster_1
1229;cluster_4
1230;cluster_5
1231;cluster_2
1232;cluster_0
1233;cluster_1
1234;cluster_0
1235;cluster_2
1236;cluster_2
1237;cluster_5
1238;cluster_0
1239;cluster_3
1240;cluster_1
1241;cluster_3
1242;cluster_3
1243;cluster_5
1244;cluster_3
1245;cluster_1
1246;cluster_4
1247;cluster_1
1248;cluster_3
1249;cluster_5
1250;cluster_4
1251;cluster_5
1252;cluster_4
1253;cluster_3
1254;cluster_4
1255;cluster_0
1256;cluster_3
1257;cluster_4
1258;cluster_4
1259;cluster_3
1260;cluster_2
1261;cluster_5
1262;cluster_3
1263;cluster_4
1264;cluster_5
1265;cluster_0
1266;cluster_0
1267;cluster_1
1268;cluster_3
1269;cluster_2
1270;cluster_0
1271;cluster_1
1272;cluster_3
1273;cluster_1
1274;cluster_3
1275;cluster_0
1276;cluster_4
1277;cluster_5
1278;cluster_2
1279;cluster_0
1280;cluster_3
1281;cluster_5
1282;cluster_5
1283;cluster_2
1284;cluster_0
1285;cluster_3
1286;cluster_2
1287;cluster_3
1288;cluster_4
1289;cluster_2
1290;cluster_3
1291;cluster_1
1292;cluster_3
1293;cluster_3
1294;cluster_2
1295;cluster_1
1296;cluster_2
1297;cluster_5
1298;cluster_2
1299;cluster_3
1300;cluster_2
1301;cluster_1
1302;cluster_1
1303;cluster_2
1304;cluster_3
1305;cluster_2
1306;cluster_2
1307;cluster_1
1308;cluster_3
1309;cluster_2
1310;cluster_2
1311;cluster_1
1312;cluster_0
1313;cluster_5
1314;cluster_2
1315;cluster_2
1316;cluster_1
1317;cluster_2
1318;cluster_3
1319;cluster_0
1320;cluster_2
1321;cluster_3
1322;cluster_4
1323;cluster_3
1324;cluster_4
1325;cluster_2
1326;cluster_4
1327;cluster_4
1328;cluster_2
1329;cluster_4
1330;cluster_2
1331;cluster_4
1332;cluster_2
1333;cluster_2
1334;cluster_0
1335;cluster_1
1336;cluster_2
1337;cluster_2
1338;cluster_2
1339;cluster_0
1340;cluster_3
1341;cluster_2
1342;cluster_2
1343;cluster_2
1344;cluster_5
1345;cluster_2
1346;cluster_2
1347;cluster_1
1348;cluster_2
1349;cluster_5
1350;cluster_1
1351;cluster_2
1352;cluster_2
1353;cluster_2
1354;cluster_4
1355;cluster_3
1356;cluster_5
1357;cluster_1
1358;cluster_0
1359;cluster_0
1360;cluster_4
1361;cluster_3
1362;cluster_3
1363;cluster_3
1364;cluster_1
1365;cluster_4
1366;cluster_3
1367;cluster_3
1368;cluster_2
1369;cluster_2
1370;cluster_2
1371;cluster_5
1372;cluster_4
1373;cluster_2
1374;cluster_2
1375;cluster_4
1376;cluster_0
1377;cluster_2
1378;cluster_2
1379;cluster_1
1380;cluster_2
1381;cluster_3
1382;cluster_4
1383;cluster_3
1384;cluster_2
1385;cluster_3
1386;cluster_3
1387;cluster_2
1388;cluster_3
1389;cluster_3
1390;cluster_1
1391;cluster_0
1392;cluster_5
1393;cluster_1
1394;cluster_3
1395;cluster_1
1396;cluster_5
1397;cluster_0
1398;cluster_1
1399;cluster_3
1400;cluster_3
1401;cluster_5
1402;cluster_1
1403;cluster_2
1404;cluster_2
1405;cluster_2
1406;cluster_2
1407;cluster_2
1408;cluster_4
1409;cluster_3
1410;cluster_5
1411;cluster_3
1412;cluster_5
1413;cluster_3
1414;cluster_2
1415;cluster_2
1416;cluster_4
1417;cluster_3
1418;cluster_1
1419;cluster_2
1420;cluster_2
1421;cluster_5
1422;cluster_0
1423;cluster_3
1424;cluster_3
1425;cluster_3
1426;cluster_3
1427;cluster_3
1428;cluster_3
1429;cluster_4
1430;cluster_4
1431;cluster_4
1432;cluster_5
1433;cluster_3
1434;cluster_3
1435;cluster_3
1436;cluster_3
1437;cluster_4
1438;cluster_3
1439;cluster_1
1440;cluster_3
1441;cluster_5
1442;cluster_5
1443;cluster_5
1444;cluster_4
1445;cluster_2
1446;cluster_4
1447;cluster_2
1448;cluster_4
1449;cluster_4
1450;cluster_4
1451;cluster_4
1452;cluster_4
1453;cluster_4
1454;cluster_4
1455;cluster_3
1456;cluster_0
1457;cluster_2
1458;cluster_0
1459;cluster_2
1460;cluster_2
1461;cluster_1
1462;cluster_5
1463;cluster_3
1464;cluster_5
1465;cluster_0
1466;cluster_3
1467;cluster_0
1468;cluster_2
1469;cluster_2
1470;cluster_3
1471;cluster_5
1472;cluster_0
1473;cluster_3
1474;cluster_2
1475;cluster_1
1476;cluster_3
1477;cluster_3
1478;cluster_4
1479;cluster_5
1480;cluster_5
1481;cluster_0
1482;cluster_0
1483;cluster_3
1484;cluster_2
1485;cluster_3
1486;cluster_5
1487;cluster_0
1488;cluster_3
1489;cluster_1
1490;cluster_3
1491;cluster_2
1492;cluster_5
1493;cluster_3
1494;cluster_4
1495;cluster_4
1496;cluster_4
1497;cluster_4
1498;cluster_3
1499;cluster_4
1500;cluster_4
1501;cluster_3
1502;cluster_4
1503;cluster_0
1504;cluster_4
1505;cluster_4
1506;cluster_3
1507;cluster_4
1508;cluster_4
1509;cluster_4
1510;cluster_4
1511;cluster_4
1512;cluster_4
1513;cluster_4
1514;cluster_4
1515;cluster_4
1516;cluster_0
1517;cluster_4
1518;cluster_4
1519;cluster_4
1520;cluster_4
1521;cluster_0
1522;cluster_4
1523;cluster_4
1524;cluster_4
1525;cluster_4
1526;cluster_3
1527;cluster_4
1528;cluster_4
1529;cluster_4
1530;cluster_3
1531;cluster_1
1532;cluster_5
1533;cluster_0
1534;cluster_4
1535;cluster_5
1536;cluster_2
1537;cluster_2
1538;cluster_1
1539;cluster_4
1540;cluster_5
1541;cluster_2
1542;cluster_2
1543;cluster_2
1544;cluster_3
1545;cluster_2
1546;cluster_2
1547;cluster_3
1548;cluster_0
1549;cluster_3
1550;cluster_2
1551;cluster_3
1552;cluster_4
1553;cluster_2
1554;cluster_3
1555;cluster_4
1556;cluster_3
1557;cluster_1
1558;cluster_5
1559;cluster_2
1560;cluster_2
1561;cluster_3
1562;cluster_0
1563;cluster_5
1564;cluster_2
1565;cluster_2
1566;cluster_4
1567;cluster_3
1568;cluster_3
1569;cluster_5
1570;cluster_2
1571;cluster_2
1572;cluster_4
1573;cluster_4
1574;cluster_3
1575;cluster_0
1576;cluster_3
1577;cluster_1
1578;cluster_0
1579;cluster_5
1580;cluster_2
1581;cluster_2
1582;cluster_5
1583;cluster_2
1584;cluster_2
1585;cluster_2
1586;cluster_1
1587;cluster_2
1588;cluster_0
1589;cluster_3
1590;cluster_2
1591;cluster_2
1592;cluster_3
1593;cluster_2
1594;cluster_2
1595;cluster_2
1596;cluster_3
1597;cluster_3
1598;cluster_5
1599;cluster_3
1600;cluster_2
1601;cluster_3
1602;cluster_4
1603;cluster_3
1604;cluster_4
1605;cluster_3
1606;cluster_3
1607;cluster_0
1608;cluster_3
1609;cluster_2
1610;cluster_2
1611;cluster_2
1612;cluster_3
1613;cluster_4
1614;cluster_2
1615;cluster_5
1616;cluster_2
1617;cluster_2
1618;cluster_4
1619;cluster_2
1620;cluster_2
1621;cluster_0
1622;cluster_2
1623;cluster_3
1624;cluster_4
1625;cluster_3
1626;cluster_2
1627;cluster_2
1628;cluster_5
1629;cluster_5
1630;cluster_3
1631;cluster_3
1632;cluster_0
1633;cluster_2
1634;cluster_0
1635;cluster_2
1636;cluster_2
1637;cluster_4
1638;cluster_5
1639;cluster_2
1640;cluster_2
1641;cluster_3
1642;cluster_1
1643;cluster_2
1644;cluster_3
1645;cluster_3
1646;cluster_3
1647;cluster_3
1648;cluster_4
1649;cluster_3
1650;cluster_3
1651;cluster_3
1652;cluster_0
1653;cluster_4
1654;cluster_3
1655;cluster_2
1656;cluster_5
1657;cluster_2
1658;cluster_2
1659;cluster_2
1660;cluster_5
1661;cluster_3
1662;cluster_3
1663;cluster_5
1664;cluster_2
1665;cluster_0
1666;cluster_1
1667;cluster_4
1668;cluster_5
1669;cluster_1
1670;cluster_3
1671;cluster_1
1672;cluster_3
1673;cluster_1
1674;cluster_1
1675;cluster_2
1676;cluster_2
1677;cluster_0
1678;cluster_2
1679;cluster_2
1680;cluster_2
1681;cluster_2
1682;cluster_2
1683;cluster_2
1684;cluster_4
1685;cluster_4
1686;cluster_2
1687;cluster_2
1688;cluster_4
1689;cluster_2
1690;cluster_2
1691;cluster_2
1692;cluster_4
1693;cluster_4
1694;cluster_3
1695;cluster_0
1696;cluster_5
1697;cluster_2
1698;cluster_3
1699;cluster_4
1700;cluster_2
1701;cluster_4
1702;cluster_2
1703;cluster_5
1704;cluster_5
1705;cluster_0
1706;cluster_4
1707;cluster_4
1708;cluster_2
1709;cluster_4
1710;cluster_5
1711;cluster_2
1712;cluster_1
1713;cluster_0
1714;cluster_4
1715;cluster_0
1716;cluster_3
1717;cluster_5
1718;cluster_3
1719;cluster_3
1720;cluster_2
1721;cluster_2
1722;cluster_2
1723;cluster_2
1724;cluster_3
1725;cluster_2
1726;cluster_3
1727;cluster_2
1728;cluster_2
1729;cluster_3
1730;cluster_2
1731;cluster_3
1732;cluster_1
1733;cluster_3
1734;cluster_3
1735;cluster_2
1736;cluster_2
1737;cluster_2
1738;cluster_2
1739;cluster_2
1740;cluster_3
1741;cluster_2
1742;cluster_3
1743;cluster_2
1744;cluster_3
1745;cluster_3
1746;cluster_2
1747;cluster_2
1748;cluster_2
1749;cluster_5
1750;cluster_1
1751;cluster_3
1752;cluster_4
1753;cluster_3
1754;cluster_2
1755;cluster_4
1756;cluster_4
1757;cluster_4
1758;cluster_4
1759;cluster_4
1760;cluster_4
1761;cluster_4
1762;cluster_1
1763;cluster_3
1764;cluster_3
1765;cluster_0
1766;cluster_0
1767;cluster_4
1768;cluster_1
1769;cluster_2
1770;cluster_2
1771;cluster_5
1772;cluster_5
1773;cluster_5
1774;cluster_3
1775;cluster_5
1776;cluster_4
1777;cluster_4
1778;cluster_4
1779;cluster_3
1780;cluster_3
1781;cluster_3
1782;cluster_3
1783;cluster_0
1784;cluster_3
1785;cluster_2
1786;cluster_2
1787;cluster_5
1788;cluster_3
1789;cluster_5
1790;cluster_0
1791;cluster_3
1792;cluster_2
1793;cluster_4
1794;cluster_4
1795;cluster_4
1796;cluster_2
1797;cluster_3
1798;cluster_4
1799;cluster_3
1800;cluster_1
1801;cluster_3
1802;cluster_3
1803;cluster_3
1804;cluster_2
1805;cluster_2
1806;cluster_5
1807;cluster_2
1808;cluster_5
1809;cluster_2
1810;cluster_2
1811;cluster_2
1812;cluster_3
1813;cluster_2
1814;cluster_2
1815;cluster_2
1816;cluster_5
1817;cluster_5
1818;cluster_2
1819;cluster_1
1820;cluster_2
1821;cluster_3
1822;cluster_2
1823;cluster_2
1824;cluster_5
1825;cluster_1
1826;cluster_4
1827;cluster_2
1828;cluster_3
1829;cluster_2
1830;cluster_2
1831;cluster_2
1832;cluster_3
1833;cluster_2
1834;cluster_2
1835;cluster_2
1836;cluster_3
1837;cluster_4
1838;cluster_5
1839;cluster_1
1840;cluster_0
1841;cluster_3
1842;cluster_4
1843;cluster_2
1844;cluster_2
1845;cluster_0
1846;cluster_4
1847;cluster_2
1848;cluster_2
1849;cluster_2
1850;cluster_2
1851;cluster_2
1852;cluster_2
1853;cluster_3
1854;cluster_2
1855;cluster_3
1856;cluster_2
1857;cluster_1
1858;cluster_5
1859;cluster_4
1860;cluster_2
1861;cluster_2
1862;cluster_2
1863;cluster_2
1864;cluster_2
1865;cluster_2
1866;cluster_5
1867;cluster_5
1868;cluster_2
1869;cluster_2
1870;cluster_2
1871;cluster_2
1872;cluster_3
1873;cluster_5
1874;cluster_3
1875;cluster_0
1876;cluster_1
1877;cluster_3
1878;cluster_2
1879;cluster_5
1880;cluster_4
1881;cluster_4
1882;cluster_2
1883;cluster_1
1884;cluster_5
1885;cluster_2
1886;cluster_4
1887;cluster_1
1888;cluster_3
1889;cluster_3
1890;cluster_2
1891;cluster_2
1892;cluster_3
1893;cluster_0
1894;cluster_2
1895;cluster_2
1896;cluster_2
1897;cluster_3
1898;cluster_3
1899;cluster_3
1900;cluster_2
1901;cluster_2
1902;cluster_4
1903;cluster_5
1904;cluster_3
1905;cluster_3
1906;cluster_3
1907;cluster_2
1908;cluster_2
1909;cluster_5
1910;cluster_4
1911;cluster_2
1912;cluster_3
1913;cluster_2
1914;cluster_5
1915;cluster_2
1916;cluster_1
1917;cluster_3
1918;cluster_3
1919;cluster_1
1920;cluster_1
1921;cluster_2
1922;cluster_4
1923;cluster_0
1924;cluster_2
1925;cluster_3
1926;cluster_2
1927;cluster_4
1928;cluster_2
1929;cluster_3
1930;cluster_2
1931;cluster_2
1932;cluster_2
1933;cluster_2
1934;cluster_2
1935;cluster_0
1936;cluster_5
1937;cluster_3
1938;cluster_1
1939;cluster_1
1940;cluster_2
1941;cluster_3
1942;cluster_1
1943;cluster_2
1944;cluster_2
1945;cluster_2
1946;cluster_2
1947;cluster_1
1948;cluster_5
1949;cluster_5
1950;cluster_2
1951;cluster_2
1952;cluster_3
1953;cluster_2
1954;cluster_3
1955;cluster_0
1956;cluster_0
1957;cluster_2
1958;cluster_3
1959;cluster_2
1960;cluster_2
1961;cluster_3
1962;cluster_1
1963;cluster_2
1964;cluster_2
1965;cluster_4
1966;cluster_2
1967;cluster_3
1968;cluster_2
1969;cluster_2
1970;cluster_2
1971;cluster_4
1972;cluster_2
1973;cluster_5
1974;cluster_3
1975;cluster_0
1976;cluster_3
1977;cluster_2
1978;cluster_3
1979;cluster_2
1980;cluster_4
1981;cluster_5
1982;cluster_0
1983;cluster_2
1984;cluster_2
1985;cluster_3
1986;cluster_0
1987;cluster_4
1988;cluster_1
1989;cluster_4
1990;cluster_4
1991;cluster_5
1992;cluster_0
1993;cluster_3
1994;cluster_3
1995;cluster_2
1996;cluster_2
1997;cluster_5
1998;cluster_1
1999;cluster_0
2000;cluster_5
2001;cluster_3
2002;cluster_3
2003;cluster_3
2004;cluster_1
2005;cluster_2
2006;cluster_4
2007;cluster_4
2008;cluster_4
2009;cluster_2
2010;cluster_1
2011;cluster_4
2012;cluster_3
2013;cluster_5
2014;cluster_1
2015;cluster_5
2016;cluster_2
2017;cluster_1
2018;cluster_4
2019;cluster_5
2020;cluster_3
2021;cluster_0
2022;cluster_0
2023;cluster_4
2024;cluster_4
2025;cluster_4
2026;cluster_3
2027;cluster_4
2028;cluster_1
2029;cluster_1
2030;cluster_1
2031;cluster_1
2032;cluster_0
2033;cluster_1
2034;cluster_1
2035;cluster_1
2036;cluster_1
2037;cluster_4
2038;cluster_0
2039;cluster_1
2040;cluster_2
2041;cluster_2
2042;cluster_3
2043;cluster_1
2044;cluster_3
2045;cluster_2
2046;cluster_3
2047;cluster_2
2048;cluster_5
2049;cluster_1
2050;cluster_0
2051;cluster_0
2052;cluster_0
2053;cluster_1
2054;cluster_0
2055;cluster_0
2056;cluster_0
2057;cluster_0
2058;cluster_0
2059;cluster_0
2060;cluster_2
2061;cluster_0
2062;cluster_0
2063;cluster_0
2064;cluster_3
2065;cluster_0
2066;cluster_3
2067;cluster_0
2068;cluster_3
2069;cluster_3
2070;cluster_4
2071;cluster_2
2072;cluster_2
2073;cluster_0
2074;cluster_0
2075;cluster_5
2076;cluster_3
2077;cluster_2
2078;cluster_5
2079;cluster_0
2080;cluster_3
2081;cluster_0
2082;cluster_2
2083;cluster_0
2084;cluster_2
2085;cluster_2
2086;cluster_4
2087;cluster_0
2088;cluster_2
2089;cluster_2
2090;cluster_5
2091;cluster_2
2092;cluster_2
2093;cluster_4
2094;cluster_2
2095;cluster_0
2096;cluster_2
2097;cluster_0
2098;cluster_0
2099;cluster_0
2100;cluster_5
2101;cluster_0
2102;cluster_0
2103;cluster_0
2104;cluster_0
2105;cluster_0
2106;cluster_0
2107;cluster_1
2108;cluster_0
2109;cluster_0
2110;cluster_0
2111;cluster_0
2112;cluster_0
2113;cluster_1
2114;cluster_0
2115;cluster_0
2116;cluster_0
2117;cluster_0
2118;cluster_0
2119;cluster_0
2120;cluster_0
2121;cluster_0
2122;cluster_0
2123;cluster_0
2124;cluster_0
2125;cluster_3
2126;cluster_3
2127;cluster_0
2128;cluster_0
2129;cluster_0
2130;cluster_3
2131;cluster_0
2132;cluster_0
2133;cluster_0
2134;cluster_0
2135;cluster_1
2136;cluster_0
2137;cluster_0
2138;cluster_4
2139;cluster_0
2140;cluster_0
2141;cluster_3
2142;cluster_0
2143;cluster_0
2144;cluster_0
2145;cluster_0
2146;cluster_0
2147;cluster_1
2148;cluster_0
2149;cluster_3
2150;cluster_0
2151;cluster_1
2152;cluster_0
2153;cluster_0
2154;cluster_1
2155;cluster_0
2156;cluster_0
2157;cluster_0
2158;cluster_0
2159;cluster_0
2160;cluster_0
2161;cluster_1
2162;cluster_5
2163;cluster_5
2164;cluster_3
2165;cluster_2
2166;cluster_2
2167;cluster_2
2168;cluster_3
2169;cluster_5
2170;cluster_5
2171;cluster_5
2172;cluster_2
2173;cluster_4
2174;cluster_3
2175;cluster_2
2176;cluster_5
2177;cluster_2
2178;cluster_5
2179;cluster_2
2180;cluster_4
2181;cluster_2
2182;cluster_0
2183;cluster_0
2184;cluster_3
2185;cluster_3
2186;cluster_3
2187;cluster_2
2188;cluster_3
2189;cluster_3
2190;cluster_2
2191;cluster_1
2192;cluster_2
2193;cluster_3
2194;cluster_3
2195;cluster_0
2196;cluster_0
2197;cluster_1
2198;cluster_0
2199;cluster_3
2200;cluster_1
2201;cluster_2
2202;cluster_3
2203;cluster_3
2204;cluster_2
2205;cluster_2
2206;cluster_3
2207;cluster_3
2208;cluster_3
2209;cluster_5
2210;cluster_4
2211;cluster_2
2212;cluster_1
2213;cluster_1
2214;cluster_2
2215;cluster_1
2216;cluster_3
2217;cluster_0
2218;cluster_3
2219;cluster_0
2220;cluster_4
2221;cluster_5
2222;cluster_4
2223;cluster_5
2224;cluster_5
2225;cluster_4
2226;cluster_5
2227;cluster_0
2228;cluster_4
2229;cluster_0
2230;cluster_2
2231;cluster_3
2232;cluster_3
2233;cluster_1
2234;cluster_4
2235;cluster_0
2236;cluster_4
2237;cluster_0
2238;cluster_1
2239;cluster_3
2240;cluster_3
2241;cluster_0
2242;cluster_3
2243;cluster_4
2244;cluster_3
2245;cluster_0
2246;cluster_5
2247;cluster_3
2248;cluster_3
2249;cluster_3
2250;cluster_0
2251;cluster_1
2252;cluster_0
2253;cluster_0
2254;cluster_5
2255;cluster_2
2256;cluster_0
2257;cluster_1
2258;cluster_2
2259;cluster_2
2260;cluster_2
2261;cluster_0
2262;cluster_4
2263;cluster_5
2264;cluster_2
2265;cluster_3
2266;cluster_2
2267;cluster_2
2268;cluster_2
2269;cluster_0
2270;cluster_3
2271;cluster_2
2272;cluster_0
2273;cluster_0
2274;cluster_2
2275;cluster_1
2276;cluster_0
2277;cluster_3
2278;cluster_2
2279;cluster_1
2280;cluster_2
2281;cluster_2
2282;cluster_2
2283;cluster_2
2284;cluster_2
2285;cluster_3
2286;cluster_2
2287;cluster_2
2288;cluster_2
2289;cluster_2
2290;cluster_2
2291;cluster_2
2292;cluster_0
2293;cluster_4
2294;cluster_2
2295;cluster_5
2296;cluster_2
2297;cluster_4
2298;cluster_4
2299;cluster_2
2300;cluster_4
2301;cluster_4
2302;cluster_4
2303;cluster_2
2304;cluster_3
2305;cluster_0
2306;cluster_0
2307;cluster_2
2308;cluster_4
2309;cluster_5
2310;cluster_4
2311;cluster_2
2312;cluster_4
2313;cluster_3
2314;cluster_3
2315;cluster_3
2316;cluster_1
2317;cluster_2
2318;cluster_5
2319;cluster_1
2320;cluster_3
2321;cluster_3
2322;cluster_3
2323;cluster_3
2324;cluster_3
2325;cluster_2
2326;cluster_2
2327;cluster_3
2328;cluster_3
2329;cluster_1
2330;cluster_0
2331;cluster_2
2332;cluster_1
2333;cluster_4
2334;cluster_3
2335;cluster_3
2336;cluster_1
2337;cluster_1
2338;cluster_4
2339;cluster_3
2340;cluster_1
2341;cluster_1
2342;cluster_3
2343;cluster_0
2344;cluster_1
2345;cluster_4
2346;cluster_3
2347;cluster_1
2348;cluster_0
2349;cluster_2
2350;cluster_3
2351;cluster_3
2352;cluster_2
2353;cluster_2
2354;cluster_1
2355;cluster_5
2356;cluster_2
2357;cluster_0
2358;cluster_2
2359;cluster_2
2360;cluster_5
2361;cluster_0
2362;cluster_4
2363;cluster_2
2364;cluster_1
2365;cluster_3
2366;cluster_2
2367;cluster_5
2368;cluster_3
2369;cluster_2
2370;cluster_3
2371;cluster_0
2372;cluster_0
2373;cluster_0
2374;cluster_3
2375;cluster_5
2376;cluster_3
2377;cluster_3
2378;cluster_5
2379;cluster_5
2380;cluster_2
2381;cluster_2
2382;cluster_4
2383;cluster_2
2384;cluster_0
2385;cluster_0
2386;cluster_3
2387;cluster_3
2388;cluster_2
2389;cluster_3
2390;cluster_4
2391;cluster_4
2392;cluster_2
2393;cluster_4
2394;cluster_3
2395;cluster_0
2396;cluster_1
2397;cluster_3
2398;cluster_0
2399;cluster_4
2400;cluster_0
2401;cluster_1
2402;cluster_3
2403;cluster_2
2404;cluster_3
2405;cluster_4
2406;cluster_4
2407;cluster_3
2408;cluster_3
2409;cluster_2
2410;cluster_3
2411;cluster_3
2412;cluster_5
2413;cluster_3
2414;cluster_2
2415;cluster_5
2416;cluster_2
2417;cluster_3
2418;cluster_3
2419;cluster_5
2420;cluster_0
2421;cluster_0
2422;cluster_3
2423;cluster_4
2424;cluster_3
2425;cluster_3
2426;cluster_3
2427;cluster_3
2428;cluster_2
2429;cluster_2
2430;cluster_2
2431;cluster_4
2432;cluster_2
2433;cluster_2
2434;cluster_3
2435;cluster_2
2436;cluster_2
2437;cluster_4
2438;cluster_1
2439;cluster_1
2440;cluster_3
2441;cluster_0
2442;cluster_4
2443;cluster_3
2444;cluster_1
2445;cluster_3
2446;cluster_2
2447;cluster_5
2448;cluster_3
2449;cluster_2
2450;cluster_1
2451;cluster_3
2452;cluster_3
2453;cluster_3
2454;cluster_4
2455;cluster_3
2456;cluster_0
2457;cluster_3
2458;cluster_2
2459;cluster_3
2460;cluster_3
2461;cluster_2
2462;cluster_1
2463;cluster_3
2464;cluster_2
2465;cluster_3
2466;cluster_1
2467;cluster_2
2468;cluster_3
2469;cluster_0
2470;cluster_5
2471;cluster_1
2472;cluster_3
2473;cluster_1
2474;cluster_5
2475;cluster_3
2476;cluster_2
2477;cluster_1
2478;cluster_2
2479;cluster_1
2480;cluster_5
2481;cluster_3
2482;cluster_3
2483;cluster_4
2484;cluster_1
2485;cluster_1
2486;cluster_3
2487;cluster_5
2488;cluster_3
2489;cluster_5
2490;cluster_3
2491;cluster_3
2492;cluster_2
2493;cluster_2
2494;cluster_0
2495;cluster_4
2496;cluster_2
2497;cluster_1
2498;cluster_2
2499;cluster_1
2500;cluster_3
2501;cluster_2
2502;cluster_1
2503;cluster_3
2504;cluster_3
2505;cluster_3
2506;cluster_0
2507;cluster_2
2508;cluster_3
2509;cluster_1
2510;cluster_4
2511;cluster_0
2512;cluster_1
2513;cluster_0
2514;cluster_4
2515;cluster_4
2516;cluster_4
2517;cluster_2
2518;cluster_0
2519;cluster_0
2520;cluster_4
2521;cluster_2
2522;cluster_4
2523;cluster_4
2524;cluster_2
2525;cluster_1
2526;cluster_1
2527;cluster_0
2528;cluster_3
2529;cluster_0
2530;cluster_3
2531;cluster_1
2532;cluster_2
2533;cluster_5
2534;cluster_3
2535;cluster_2
2536;cluster_3
2537;cluster_1
2538;cluster_2
2539;cluster_5
2540;cluster_2
2541;cluster_4
2542;cluster_3
2543;cluster_2
2544;cluster_3
2545;cluster_3
2546;cluster_0
2547;cluster_1
2548;cluster_3
2549;cluster_1
2550;cluster_4
2551;cluster_1
2552;cluster_1
2553;cluster_1
2554;cluster_0
2555;cluster_2
2556;cluster_2
2557;cluster_4
2558;cluster_2
2559;cluster_2
2560;cluster_3
2561;cluster_1
2562;cluster_1
2563;cluster_1
2564;cluster_2
2565;cluster_3
2566;cluster_2
2567;cluster_3
2568;cluster_2
2569;cluster_4
2570;cluster_3
2571;cluster_3
2572;cluster_0
2573;cluster_3
2574;cluster_3
2575;cluster_3
2576;cluster_0
2577;cluster_3
2578;cluster_0
2579;cluster_0
2580;cluster_4
2581;cluster_0
2582;cluster_4
2583;cluster_0
2584;cluster_3
2585;cluster_5
2586;cluster_3
2587;cluster_2
2588;cluster_2
2589;cluster_2
2590;cluster_3
2591;cluster_4
2592;cluster_3
2593;cluster_2
2594;cluster_1
2595;cluster_3
2596;cluster_4
2597;cluster_2
2598;cluster_4
2599;cluster_1
2600;cluster_4
2601;cluster_0
2602;cluster_3
2603;cluster_3
2604;cluster_4
2605;cluster_1
2606;cluster_2
2607;cluster_4
2608;cluster_2
2609;cluster_2
2610;cluster_2
2611;cluster_2
2612;cluster_3
2613;cluster_2
2614;cluster_0
2615;cluster_2
2616;cluster_0
2617;cluster_2
2618;cluster_1
2619;cluster_3
2620;cluster_2
2621;cluster_0
2622;cluster_0
2623;cluster_0
2624;cluster_2
2625;cluster_2
2626;cluster_3
2627;cluster_2
2628;cluster_5
2629;cluster_4
2630;cluster_0
2631;cluster_4
2632;cluster_3
2633;cluster_4
2634;cluster_4
2635;cluster_4
2636;cluster_4
2637;cluster_0
2638;cluster_0
2639;cluster_5
2640;cluster_2
2641;cluster_2
2642;cluster_2
2643;cluster_5
2644;cluster_3
2645;cluster_3
2646;cluster_3
2647;cluster_4
2648;cluster_1
2649;cluster_3
2650;cluster_3
2651;cluster_3
2652;cluster_2
2653;cluster_0
2654;cluster_4
2655;cluster_2
2656;cluster_5
2657;cluster_1
2658;cluster_5
2659;cluster_5
2660;cluster_5
2661;cluster_5
2662;cluster_5
2663;cluster_5
2664;cluster_5
2665;cluster_5
2666;cluster_5
2667;cluster_5
2668;cluster_3
2669;cluster_1
2670;cluster_3
2671;cluster_5
2672;cluster_5
2673;cluster_5
2674;cluster_4
2675;cluster_5
2676;cluster_5
2677;cluster_5
2678;cluster_0
2679;cluster_0
2680;cluster_4
2681;cluster_2
2682;cluster_3
2683;cluster_3
2684;cluster_2
2685;cluster_4
2686;cluster_2
2687;cluster_4
2688;cluster_2
2689;cluster_2
2690;cluster_3
2691;cluster_2
2692;cluster_2
2693;cluster_3
2694;cluster_4
2695;cluster_5
2696;cluster_3
2697;cluster_5
2698;cluster_3
2699;cluster_5
2700;cluster_5
2701;cluster_5
2702;cluster_2
2703;cluster_2
2704;cluster_0
2705;cluster_0
2706;cluster_0
2707;cluster_5
2708;cluster_3
2709;cluster_3
2710;cluster_0
2711;cluster_2
2712;cluster_5
2713;cluster_0
2714;cluster_5
2715;cluster_1
2716;cluster_3
2717;cluster_4
2718;cluster_2
2719;cluster_5
2720;cluster_3
2721;cluster_0
2722;cluster_3
2723;cluster_3
2724;cluster_1
2725;cluster_2
2726;cluster_3
2727;cluster_5
2728;cluster_0
2729;cluster_2
2730;cluster_0
2731;cluster_0
2732;cluster_1
2733;cluster_0
2734;cluster_2
2735;cluster_2
2736;cluster_2
2737;cluster_3
2738;cluster_2
2739;cluster_2
2740;cluster_3
2741;cluster_2
2742;cluster_3
2743;cluster_3
2744;cluster_4
2745;cluster_2
2746;cluster_3
2747;cluster_2
2748;cluster_3
2749;cluster_3
2750;cluster_3
2751;cluster_1
2752;cluster_5
2753;cluster_4
2754;cluster_1
2755;cluster_1
2756;cluster_3
2757;cluster_1
2758;cluster_5
2759;cluster_3
2760;cluster_2
2761;cluster_3
2762;cluster_2
2763;cluster_2
2764;cluster_5
2765;cluster_3
2766;cluster_2
2767;cluster_1
2768;cluster_2
2769;cluster_2
2770;cluster_2
2771;cluster_2
2772;cluster_5
2773;cluster_4
2774;cluster_2
2775;cluster_2
2776;cluster_3
2777;cluster_2
2778;cluster_1
2779;cluster_2
2780;cluster_3
2781;cluster_1
2782;cluster_3
2783;cluster_3
2784;cluster_5
2785;cluster_2
2786;cluster_4
2787;cluster_4
2788;cluster_4
2789;cluster_3
2790;cluster_0
2791;cluster_3
2792;cluster_2
2793;cluster_4
2794;cluster_0
2795;cluster_3
2796;cluster_3
2797;cluster_3
2798;cluster_3
2799;cluster_5
2800;cluster_3
2801;cluster_1
2802;cluster_3
2803;cluster_4
2804;cluster_2
2805;cluster_1
2806;cluster_2
2807;cluster_3
2808;cluster_3
2809;cluster_2
2810;cluster_0
2811;cluster_0
2812;cluster_0
2813;cluster_2
2814;cluster_2
2815;cluster_3
2816;cluster_5
2817;cluster_3
2818;cluster_2
2819;cluster_3
2820;cluster_1
2821;cluster_2
2822;cluster_4
2823;cluster_5
2824;cluster_0
2825;cluster_0
2826;cluster_4
2827;cluster_4
2828;cluster_0
2829;cluster_3
2830;cluster_2
2831;cluster_3
2832;cluster_0
2833;cluster_3
2834;cluster_3
2835;cluster_0
2836;cluster_2
2837;cluster_4
2838;cluster_1
2839;cluster_0
2840;cluster_5
2841;cluster_5
2842;cluster_4
2843;cluster_5
2844;cluster_2
2845;cluster_5
2846;cluster_5
2847;cluster_5
2848;cluster_5
2849;cluster_4
2850;cluster_2
2851;cluster_2
2852;cluster_2
2853;cluster_1
2854;cluster_4
2855;cluster_2
2856;cluster_1
2857;cluster_3
2858;cluster_1
2859;cluster_3
2860;cluster_3
2861;cluster_2
2862;cluster_2
2863;cluster_3
2864;cluster_1
2865;cluster_0
2866;cluster_5
2867;cluster_5
2868;cluster_1
2869;cluster_3
2870;cluster_3
2871;cluster_3
2872;cluster_0
2873;cluster_3
2874;cluster_3
2875;cluster_0
2876;cluster_3
2877;cluster_0
2878;cluster_5
2879;cluster_1
2880;cluster_2
2881;cluster_2
2882;cluster_3
2883;cluster_3
2884;cluster_3
2885;cluster_2
2886;cluster_3
2887;cluster_2
2888;cluster_0
2889;cluster_1
2890;cluster_5
2891;cluster_2
2892;cluster_3
2893;cluster_5
2894;cluster_3
2895;cluster_0
2896;cluster_5
2897;cluster_5
2898;cluster_5
2899;cluster_5
2900;cluster_3
2901;cluster_5
2902;cluster_5
2903;cluster_1
2904;cluster_0
2905;cluster_0
2906;cluster_0
2907;cluster_5
2908;cluster_5
2909;cluster_0
2910;cluster_0
2911;cluster_5
2912;cluster_0
2913;cluster_5
2914;cluster_5
2915;cluster_5
2916;cluster_4
2917;cluster_5
2918;cluster_5
2919;cluster_5
2920;cluster_5
2921;cluster_5
2922;cluster_5
2923;cluster_5
2924;cluster_3
2925;cluster_5
2926;cluster_5
2927;cluster_5
2928;cluster_1
2929;cluster_5
2930;cluster_5
2931;cluster_2
2932;cluster_0
2933;cluster_3
2934;cluster_2
2935;cluster_3
2936;cluster_3
2937;cluster_0
2938;cluster_5
2939;cluster_0
2940;cluster_1
2941;cluster_0
2942;cluster_4
2943;cluster_0
2944;cluster_1
2945;cluster_1
2946;cluster_3
2947;cluster_0
2948;cluster_0
2949;cluster_3
2950;cluster_0
2951;cluster_3
2952;cluster_3
2953;cluster_5
2954;cluster_0
2955;cluster_3
2956;cluster_0
2957;cluster_5
2958;cluster_3
2959;cluster_2
2960;cluster_1
2961;cluster_0
2962;cluster_3
2963;cluster_4
2964;cluster_0
2965;cluster_3
2966;cluster_2
2967;cluster_1
2968;cluster_1
2969;cluster_2
2970;cluster_1
2971;cluster_3
2972;cluster_3
2973;cluster_2
2974;cluster_0
2975;cluster_3
2976;cluster_4
2977;cluster_1
2978;cluster_1
2979;cluster_2
2980;cluster_4
2981;cluster_0
2982;cluster_2
2983;cluster_3
2984;cluster_5
2985;cluster_2
2986;cluster_3
2987;cluster_3
2988;cluster_3
2989;cluster_2
2990;cluster_1
2991;cluster_3
2992;cluster_4
2993;cluster_4
2994;cluster_1
2995;cluster_4
2996;cluster_0
2997;cluster_0
2998;cluster_0
2999;cluster_1
3000;cluster_1
3001;cluster_4
3002;cluster_2
3003;cluster_2
3004;cluster_4
3005;cluster_2
3006;cluster_2
3007;cluster_2
3008;cluster_2
3009;cluster_4
3010;cluster_5
3011;cluster_1
3012;cluster_5
3013;cluster_2
3014;cluster_5
3015;cluster_2
3016;cluster_2
3017;cluster_2
3018;cluster_2
3019;cluster_4
3020;cluster_2
3021;cluster_2
3022;cluster_2
3023;cluster_4
3024;cluster_2
3025;cluster_2
3026;cluster_2
3027;cluster_2
3028;cluster_0
3029;cluster_2
3030;cluster_4
3031;cluster_0
3032;cluster_3
3033;cluster_2
3034;cluster_2
3035;cluster_3
3036;cluster_2
3037;cluster_2
3038;cluster_3
3039;cluster_2
3040;cluster_2
3041;cluster_1
3042;cluster_3
3043;cluster_5
3044;cluster_2
3045;cluster_2
3046;cluster_5
3047;cluster_2
3048;cluster_2
3049;cluster_3
3050;cluster_0
3051;cluster_3
3052;cluster_2
3053;cluster_2
3054;cluster_1
3055;cluster_2
3056;cluster_3
3057;cluster_3
3058;cluster_3
3059;cluster_2
3060;cluster_2
3061;cluster_5
3062;cluster_2
3063;cluster_2
3064;cluster_2
3065;cluster_2
3066;cluster_2
3067;cluster_2
3068;cluster_2
3069;cluster_2
3070;cluster_2
3071;cluster_2
3072;cluster_3
3073;cluster_0
3074;cluster_5
3075;cluster_2
3076;cluster_2
3077;cluster_0
3078;cluster_2
3079;cluster_2
3080;cluster_1
3081;cluster_2
3082;cluster_2
3083;cluster_1
3084;cluster_4
3085;cluster_3
3086;cluster_3
3087;cluster_0
3088;cluster_2
3089;cluster_3
3090;cluster_2
3091;cluster_2
3092;cluster_3
3093;cluster_3
3094;cluster_3
3095;cluster_2
3096;cluster_2
3097;cluster_3
3098;cluster_3
3099;cluster_2
3100;cluster_4
3101;cluster_0
3102;cluster_2
3103;cluster_2
3104;cluster_2
3105;cluster_2
3106;cluster_5
3107;cluster_2
3108;cluster_5
3109;cluster_5
3110;cluster_5
3111;cluster_2
3112;cluster_2
3113;cluster_0
3114;cluster_2
3115;cluster_2
3116;cluster_1
3117;cluster_4
3118;cluster_2
3119;cluster_5
3120;cluster_2
3121;cluster_2
3122;cluster_0
3123;cluster_2
3124;cluster_2
3125;cluster_1
3126;cluster_3
3127;cluster_2
3128;cluster_2
3129;cluster_2
3130;cluster_4
3131;cluster_2
3132;cluster_2
3133;cluster_2
3134;cluster_2
3135;cluster_2
3136;cluster_2
3137;cluster_0
3138;cluster_2
3139;cluster_1
3140;cluster_4
3141;cluster_2
3142;cluster_2
3143;cluster_2
3144;cluster_3
3145;cluster_2
3146;cluster_0
3147;cluster_0
3148;cluster_4
3149;cluster_4
3150;cluster_2
3151;cluster_2
3152;cluster_2
3153;cluster_2
3154;cluster_2
3155;cluster_2
3156;cluster_3
3157;cluster_5
3158;cluster_0
3159;cluster_1
3160;cluster_2
3161;cluster_2
3162;cluster_2
3163;cluster_3
3164;cluster_4
3165;cluster_2
3166;cluster_3
3167;cluster_3
3168;cluster_5
3169;cluster_5
3170;cluster_3
3171;cluster_2
3172;cluster_2
3173;cluster_2
3174;cluster_2
3175;cluster_2
3176;cluster_2
3177;cluster_2
3178;cluster_3
3179;cluster_3
3180;cluster_2
3181;cluster_4
3182;cluster_0
3183;cluster_0
3184;cluster_2
3185;cluster_3
3186;cluster_2
3187;cluster_2
3188;cluster_2
3189;cluster_2
3190;cluster_4
3191;cluster_2
3192;cluster_2
3193;cluster_2
3194;cluster_2
3195;cluster_4
3196;cluster_0
3197;cluster_3
3198;cluster_3
3199;cluster_1
3200;cluster_2
3201;cluster_0
3202;cluster_5
3203;cluster_5
3204;cluster_2
3205;cluster_2
3206;cluster_0
3207;cluster_2
3208;cluster_2
3209;cluster_3
3210;cluster_4
3211;cluster_4
3212;cluster_4
3213;cluster_3
3214;cluster_3
3215;cluster_5
3216;cluster_5
3217;cluster_1
3218;cluster_2
3219;cluster_2
3220;cluster_2
3221;cluster_2
3222;cluster_2
3223;cluster_4
3224;cluster_2
3225;cluster_0
3226;cluster_2
3227;cluster_2
3228;cluster_3
3229;cluster_4
3230;cluster_1
3231;cluster_2
3232;cluster_2
3233;cluster_2
3234;cluster_2
3235;cluster_2
3236;cluster_0
3237;cluster_5
3238;cluster_2
3239;cluster_5
3240;cluster_5
3241;cluster_2
3242;cluster_5
3243;cluster_3
3244;cluster_2
3245;cluster_3
3246;cluster_1
3247;cluster_5
3248;cluster_3
3249;cluster_1
3250;cluster_5
3251;cluster_5
3252;cluster_2
3253;cluster_3
3254;cluster_2
3255;cluster_2
3256;cluster_2
3257;cluster_0
3258;cluster_1
3259;cluster_3
3260;cluster_2
3261;cluster_3
3262;cluster_0
3263;cluster_2
3264;cluster_2
3265;cluster_2
3266;cluster_4
3267;cluster_2
3268;cluster_2
3269;cluster_2
3270;cluster_2
3271;cluster_2
3272;cluster_5
3273;cluster_0
3274;cluster_4
3275;cluster_3
3276;cluster_2
3277;cluster_2
3278;cluster_5
3279;cluster_1
3280;cluster_2
3281;cluster_2
3282;cluster_1
3283;cluster_2
3284;cluster_3
3285;cluster_2
3286;cluster_2
3287;cluster_2
3288;cluster_2
3289;cluster_5
3290;cluster_1
3291;cluster_5
3292;cluster_5
3293;cluster_4
3294;cluster_2
3295;cluster_3
3296;cluster_5
3297;cluster_5
3298;cluster_5
3299;cluster_2
3300;cluster_2
3301;cluster_3
3302;cluster_0
3303;cluster_0
3304;cluster_5
3305;cluster_5
3306;cluster_1
3307;cluster_0
3308;cluster_2
3309;cluster_0
3310;cluster_4
3311;cluster_3
3312;cluster_3
3313;cluster_3
3314;cluster_5
3315;cluster_2
3316;cluster_3
3317;cluster_4
3318;cluster_4
3319;cluster_1
3320;cluster_3
3321;cluster_4
3322;cluster_3
3323;cluster_3
3324;cluster_1
3325;cluster_2
3326;cluster_2
3327;cluster_2
3328;cluster_2
3329;cluster_1
3330;cluster_2
3331;cluster_5
3332;cluster_2
3333;cluster_2
3334;cluster_3
3335;cluster_2
3336;cluster_2
3337;cluster_2
3338;cluster_2
3339;cluster_5
3340;cluster_2
3341;cluster_3
3342;cluster_3
3343;cluster_2
3344;cluster_5
3345;cluster_2
3346;cluster_2
3347;cluster_2
3348;cluster_3
3349;cluster_4
3350;cluster_4
3351;cluster_2
3352;cluster_2
3353;cluster_2
3354;cluster_2
3355;cluster_1
3356;cluster_2
3357;cluster_1
3358;cluster_3
3359;cluster_0
3360;cluster_3
3361;cluster_2
3362;cluster_3
3363;cluster_4
3364;cluster_3
3365;cluster_1
3366;cluster_0
3367;cluster_2
3368;cluster_2
3369;cluster_4
3370;cluster_4
3371;cluster_3
3372;cluster_3
3373;cluster_2
3374;cluster_2
3375;cluster_2
3376;cluster_2
3377;cluster_2
3378;cluster_2
3379;cluster_2
3380;cluster_0
3381;cluster_2
3382;cluster_2
3383;cluster_4
3384;cluster_4
3385;cluster_4
3386;cluster_4
3387;cluster_2
3388;cluster_3
3389;cluster_3
3390;cluster_3
3391;cluster_3
3392;cluster_0
3393;cluster_4
3394;cluster_5
3395;cluster_2
3396;cluster_2
3397;cluster_5
3398;cluster_2
3399;cluster_4
3400;cluster_2
3401;cluster_2
3402;cluster_4
3403;cluster_5
3404;cluster_3
3405;cluster_4
3406;cluster_3
3407;cluster_3
3408;cluster_2
3409;cluster_2
3410;cluster_2
3411;cluster_1
3412;cluster_2
3413;cluster_1
3414;cluster_1
3415;cluster_1
3416;cluster_1
3417;cluster_1
3418;cluster_1
3419;cluster_4
3420;cluster_2
3421;cluster_4
3422;cluster_2
3423;cluster_1
3424;cluster_0
3425;cluster_5
3426;cluster_5
3427;cluster_3
3428;cluster_2
3429;cluster_4
3430;cluster_0
3431;cluster_3
3432;cluster_4
3433;cluster_1
3434;cluster_2
3435;cluster_3
3436;cluster_1
3437;cluster_1
3438;cluster_1
3439;cluster_1
3440;cluster_4
3441;cluster_1
3442;cluster_3
3443;cluster_2
3444;cluster_2
3445;cluster_3
3446;cluster_3
3447;cluster_2
3448;cluster_3
3449;cluster_2
3450;cluster_2
3451;cluster_3
3452;cluster_5
3453;cluster_2
3454;cluster_3
3455;cluster_3
3456;cluster_3
3457;cluster_3
3458;cluster_3
3459;cluster_2
3460;cluster_4
3461;cluster_5
3462;cluster_2
3463;cluster_3
3464;cluster_1
3465;cluster_0
3466;cluster_0
3467;cluster_0
3468;cluster_1
3469;cluster_3
3470;cluster_0
3471;cluster_3
3472;cluster_2
3473;cluster_2
3474;cluster_1
3475;cluster_3
3476;cluster_2
3477;cluster_2
3478;cluster_1
3479;cluster_2
3480;cluster_0
3481;cluster_3
3482;cluster_2
3483;cluster_0
3484;cluster_5
3485;cluster_3
3486;cluster_3
3487;cluster_4
3488;cluster_1
3489;cluster_3
3490;cluster_5
3491;cluster_3
3492;cluster_3
3493;cluster_0
3494;cluster_2
3495;cluster_0
3496;cluster_4
3497;cluster_0
3498;cluster_2
3499;cluster_4
3500;cluster_3
3501;cluster_3
3502;cluster_2
3503;cluster_3
3504;cluster_1
3505;cluster_1
3506;cluster_3
3507;cluster_2
3508;cluster_2
3509;cluster_3
3510;cluster_0
3511;cluster_3
3512;cluster_2
3513;cluster_3
3514;cluster_1
3515;cluster_2
3516;cluster_2
3517;cluster_3
3518;cluster_3
3519;cluster_0
3520;cluster_3
3521;cluster_1
3522;cluster_0
3523;cluster_0
3524;cluster_2
3525;cluster_2
3526;cluster_5
3527;cluster_0
3528;cluster_1
3529;cluster_3
3530;cluster_0
3531;cluster_4
3532;cluster_2
3533;cluster_2
3534;cluster_3
3535;cluster_3
3536;cluster_2
3537;cluster_3
3538;cluster_3
3539;cluster_1
3540;cluster_4
3541;cluster_2
3542;cluster_3
3543;cluster_1
3544;cluster_3
3545;cluster_3
3546;cluster_3
3547;cluster_0
3548;cluster_2
3549;cluster_0
3550;cluster_3
3551;cluster_5
3552;cluster_3
3553;cluster_4
3554;cluster_2
3555;cluster_2
3556;cluster_2
3557;cluster_1
3558;cluster_3
3559;cluster_1
3560;cluster_0
3561;cluster_0
3562;cluster_0
3563;cluster_3
3564;cluster_4
3565;cluster_3
3566;cluster_0
3567;cluster_2
3568;cluster_2
3569;cluster_0
3570;cluster_0
3571;cluster_1
3572;cluster_3
3573;cluster_1
3574;cluster_2
3575;cluster_2
3576;cluster_4
3577;cluster_0
3578;cluster_1
3579;cluster_2
3580;cluster_5
3581;cluster_2
3582;cluster_2
3583;cluster_2
3584;cluster_0
3585;cluster_1
3586;cluster_1
3587;cluster_5
3588;cluster_3
3589;cluster_3
3590;cluster_4
3591;cluster_2
3592;cluster_3
3593;cluster_4
3594;cluster_2
3595;cluster_3
3596;cluster_4
3597;cluster_2
3598;cluster_2
3599;cluster_2
3600;cluster_2
3601;cluster_3
3602;cluster_0
3603;cluster_1
3604;cluster_3
3605;cluster_2
3606;cluster_4
3607;cluster_4
3608;cluster_3
3609;cluster_5
3610;cluster_2
3611;cluster_1
3612;cluster_2
3613;cluster_2
3614;cluster_3
3615;cluster_3
3616;cluster_2
3617;cluster_2
3618;cluster_4
3619;cluster_3
3620;cluster_5
3621;cluster_3
3622;cluster_3
3623;cluster_4
3624;cluster_2
3625;cluster_5
3626;cluster_2
3627;cluster_2
3628;cluster_2
3629;cluster_1
3630;cluster_1
3631;cluster_1
3632;cluster_2
3633;cluster_2
3634;cluster_2
3635;cluster_2
3636;cluster_2
3637;cluster_5
3638;cluster_3
3639;cluster_2
3640;cluster_5
3641;cluster_3
3642;cluster_0
3643;cluster_2
3644;cluster_2
3645;cluster_4
3646;cluster_2
3647;cluster_3
3648;cluster_2
3649;cluster_0
3650;cluster_5
3651;cluster_2
3652;cluster_2
3653;cluster_0
3654;cluster_2
3655;cluster_1
3656;cluster_2
3657;cluster_2
3658;cluster_4
3659;cluster_2
3660;cluster_2
3661;cluster_0
3662;cluster_3
3663;cluster_1
3664;cluster_2
3665;cluster_5
3666;cluster_2
3667;cluster_2
3668;cluster_5
3669;cluster_2
3670;cluster_2
3671;cluster_2
3672;cluster_2
3673;cluster_5
3674;cluster_2
3675;cluster_2
3676;cluster_3
3677;cluster_2
3678;cluster_2
3679;cluster_2
3680;cluster_2
3681;cluster_2
3682;cluster_1
3683;cluster_5
3684;cluster_3
3685;cluster_2
3686;cluster_5
3687;cluster_3
3688;cluster_2
3689;cluster_2
3690;cluster_5
3691;cluster_2
3692;cluster_1
3693;cluster_4
3694;cluster_2
3695;cluster_2
3696;cluster_2
3697;cluster_2
3698;cluster_3
3699;cluster_4
3700;cluster_1
3701;cluster_2
3702;cluster_0
3703;cluster_4
3704;cluster_2
3705;cluster_2
3706;cluster_0
3707;cluster_4
3708;cluster_3
3709;cluster_2
3710;cluster_1
3711;cluster_2
3712;cluster_2
3713;cluster_5
3714;cluster_2
3715;cluster_2
3716;cluster_3
3717;cluster_3
3718;cluster_2
3719;cluster_2
3720;cluster_3
3721;cluster_3
3722;cluster_2
3723;cluster_3
3724;cluster_2
3725;cluster_3
3726;cluster_2
3727;cluster_2
3728;cluster_4
3729;cluster_2
3730;cluster_4
3731;cluster_4
3732;cluster_2
3733;cluster_5
3734;cluster_2
3735;cluster_2
3736;cluster_2
3737;cluster_2
3738;cluster_2
3739;cluster_3
3740;cluster_2
3741;cluster_4
3742;cluster_4
3743;cluster_2
3744;cluster_2
3745;cluster_3
3746;cluster_3
3747;cluster_2
3748;cluster_3
3749;cluster_3
3750;cluster_2
3751;cluster_2
3752;cluster_0
3753;cluster_2
3754;cluster_2
3755;cluster_2
3756;cluster_3
3757;cluster_2
3758;cluster_5
3759;cluster_3
3760;cluster_2
3761;cluster_5
3762;cluster_2
3763;cluster_2
3764;cluster_2
3765;cluster_2
3766;cluster_1
3767;cluster_3
3768;cluster_2
3769;cluster_1
3770;cluster_2
3771;cluster_3
3772;cluster_2
3773;cluster_2
3774;cluster_5
3775;cluster_4
3776;cluster_1
3777;cluster_2
3778;cluster_2
3779;cluster_2
3780;cluster_2
3781;cluster_4
3782;cluster_2
3783;cluster_2
3784;cluster_2
3785;cluster_2
3786;cluster_2
3787;cluster_2
3788;cluster_2
3789;cluster_4
3790;cluster_2
3791;cluster_2
3792;cluster_4
3793;cluster_0
3794;cluster_2
3795;cluster_2
3796;cluster_5
3797;cluster_5
3798;cluster_2
3799;cluster_2
3800;cluster_4
3801;cluster_0
3802;cluster_2
3803;cluster_2
3804;cluster_3
3805;cluster_2
3806;cluster_3
3807;cluster_2
3808;cluster_3
3809;cluster_3
3810;cluster_2
3811;cluster_2
3812;cluster_1
3813;cluster_2
3814;cluster_4
3815;cluster_2
3816;cluster_2
3817;cluster_5
3818;cluster_2
3819;cluster_2
3820;cluster_3
3821;cluster_2
3822;cluster_1
3823;cluster_1
3824;cluster_0
3825;cluster_3
3826;cluster_4
3827;cluster_2
3828;cluster_0
3829;cluster_5
3830;cluster_1
3831;cluster_3
3832;cluster_2
3833;cluster_2
3834;cluster_3
3835;cluster_2
3836;cluster_4
3837;cluster_1
3838;cluster_2
3839;cluster_3
3840;cluster_2
3841;cluster_2
3842;cluster_0
3843;cluster_4
3844;cluster_4
3845;cluster_4
3846;cluster_4
3847;cluster_4
3848;cluster_4
3849;cluster_4
3850;cluster_2
3851;cluster_2
3852;cluster_1
3853;cluster_3
3854;cluster_5
3855;cluster_0
3856;cluster_1
3857;cluster_3
3858;cluster_2
3859;cluster_4
3860;cluster_0
3861;cluster_3
3862;cluster_0
3863;cluster_1
3864;cluster_2
3865;cluster_2
3866;cluster_0
3867;cluster_4
3868;cluster_2
3869;cluster_3
3870;cluster_2
3871;cluster_3
3872;cluster_2
3873;cluster_0
3874;cluster_3
3875;cluster_0
3876;cluster_5
3877;cluster_2
3878;cluster_2
3879;cluster_0
3880;cluster_3
3881;cluster_4
3882;cluster_2
3883;cluster_5
3884;cluster_2
3885;cluster_5
3886;cluster_0
3887;cluster_0
3888;cluster_3
3889;cluster_1
3890;cluster_4
3891;cluster_2
3892;cluster_2
3893;cluster_2
3894;cluster_1
3895;cluster_5
3896;cluster_5
3897;cluster_2
3898;cluster_2
3899;cluster_2
3900;cluster_2
3901;cluster_3
3902;cluster_0
3903;cluster_4
3904;cluster_2
3905;cluster_0
3906;cluster_5
3907;cluster_3
3908;cluster_2
3909;cluster_3
3910;cluster_3
3911;cluster_0
3912;cluster_2
3913;cluster_2
3914;cluster_5
3915;cluster_0
3916;cluster_2
3917;cluster_3
3918;cluster_0
3919;cluster_4
3920;cluster_2
3921;cluster_4
3922;cluster_1
3923;cluster_3
3924;cluster_5
3925;cluster_2
3926;cluster_0
3927;cluster_3
3928;cluster_3
3929;cluster_3
3930;cluster_5
3931;cluster_3
3932;cluster_2
3933;cluster_1
3934;cluster_1
3935;cluster_2
3936;cluster_3
3937;cluster_2
3938;cluster_3
3939;cluster_1
3940;cluster_0
3941;cluster_3
3942;cluster_2
3943;cluster_3
3944;cluster_2
3945;cluster_2
3946;cluster_3
3947;cluster_2
3948;cluster_2
3949;cluster_3
3950;cluster_3
3951;cluster_3
3952;cluster_1
3953;cluster_1
3954;cluster_1
3955;cluster_2
3956;cluster_1
3957;cluster_1
3958;cluster_1
3959;cluster_0
3960;cluster_1
3961;cluster_1
3962;cluster_1
3963;cluster_3
3964;cluster_1
3965;cluster_2
3966;cluster_2
3967;cluster_2
3968;cluster_2
3969;cluster_2
3970;cluster_3
3971;cluster_1
3972;cluster_2
3973;cluster_2
3974;cluster_2
3975;cluster_3
3976;cluster_5
3977;cluster_0
3978;cluster_3
3979;cluster_3
3980;cluster_0
3981;cluster_2
3982;cluster_2
3983;cluster_3
3984;cluster_1
3985;cluster_3
3986;cluster_1
3987;cluster_3
3988;cluster_3
3989;cluster_0
3990;cluster_1
3991;cluster_1
3992;cluster_3
3993;cluster_0
3994;cluster_4
3995;cluster_5
3996;cluster_2
3997;cluster_0
3998;cluster_4
3999;cluster_0
4000;cluster_3
4001;cluster_2
4002;cluster_2
4003;cluster_2
4004;cluster_2
4005;cluster_2
4006;cluster_5
4007;cluster_2
4008;cluster_2
4009;cluster_2
4010;cluster_2
4011;cluster_0
4012;cluster_4
4013;cluster_0
4014;cluster_3
4015;cluster_2
4016;cluster_2
4017;cluster_4
4018;cluster_1
4019;cluster_1
4020;cluster_3
4021;cluster_0
4022;cluster_2
4023;cluster_2
4024;cluster_2
4025;cluster_2
4026;cluster_3
4027;cluster_1
4028;cluster_4
4029;cluster_2
4030;cluster_0
4031;cluster_2
4032;cluster_3
4033;cluster_4
4034;cluster_2
4035;cluster_1
4036;cluster_4
4037;cluster_2
4038;cluster_2
4039;cluster_2
4040;cluster_2
4041;cluster_2
4042;cluster_3
4043;cluster_1
4044;cluster_2
4045;cluster_2
4046;cluster_4
4047;cluster_0
4048;cluster_3
4049;cluster_2
4050;cluster_2
4051;cluster_2
4052;cluster_2
4053;cluster_2
4054;cluster_2
4055;cluster_2
4056;cluster_2
4057;cluster_2
4058;cluster_2
4059;cluster_2
4060;cluster_3
4061;cluster_2
4062;cluster_2
4063;cluster_3
4064;cluster_2
4065;cluster_3
4066;cluster_2
4067;cluster_3
4068;cluster_3
4069;cluster_3
4070;cluster_0
4071;cluster_2
4072;cluster_4
4073;cluster_2
4074;cluster_2
4075;cluster_3
4076;cluster_4
4077;cluster_5
4078;cluster_2
4079;cluster_1
4080;cluster_4
4081;cluster_2
4082;cluster_0
4083;cluster_3
4084;cluster_3
4085;cluster_3
4086;cluster_3
4087;cluster_3
4088;cluster_0
4089;cluster_0
4090;cluster_2
4091;cluster_0
4092;cluster_1
4093;cluster_0
4094;cluster_3
4095;cluster_4
4096;cluster_4
4097;cluster_0
4098;cluster_2
4099;cluster_2
4100;cluster_3
4101;cluster_1
4102;cluster_3
4103;cluster_5
4104;cluster_3
4105;cluster_3
4106;cluster_3
4107;cluster_4
4108;cluster_0
4109;cluster_1
4110;cluster_3
4111;cluster_3
4112;cluster_1
4113;cluster_3
4114;cluster_2
4115;cluster_0
4116;cluster_3
4117;cluster_2
4118;cluster_1
4119;cluster_1
4120;cluster_5
4121;cluster_3
4122;cluster_1
4123;cluster_1
4124;cluster_3
4125;cluster_1
4126;cluster_1
4127;cluster_1
4128;cluster_1
4129;cluster_1
4130;cluster_3
4131;cluster_1
4132;cluster_1
4133;cluster_3
4134;cluster_4
4135;cluster_3
4136;cluster_1
4137;cluster_3
4138;cluster_1
4139;cluster_1
4140;cluster_1
4141;cluster_2
4142;cluster_2
4143;cluster_2
4144;cluster_0
4145;cluster_3
4146;cluster_3
4147;cluster_4
4148;cluster_1
4149;cluster_2
4150;cluster_2
4151;cluster_3
4152;cluster_3
4153;cluster_3
4154;cluster_0
4155;cluster_2
4156;cluster_3
4157;cluster_2
4158;cluster_1
4159;cluster_3
4160;cluster_3
4161;cluster_2
4162;cluster_0
4163;cluster_5
4164;cluster_3
4165;cluster_0
4166;cluster_5
4167;cluster_3
4168;cluster_3
4169;cluster_0
4170;cluster_0
4171;cluster_2
4172;cluster_0
4173;cluster_3
4174;cluster_3
4175;cluster_3
4176;cluster_3
4177;cluster_3
4178;cluster_0
4179;cluster_5
4180;cluster_2
4181;cluster_3
4182;cluster_3
4183;cluster_2
4184;cluster_2
4185;cluster_2
4186;cluster_2
4187;cluster_5
4188;cluster_3
4189;cluster_3
4190;cluster_2
4191;cluster_2
4192;cluster_1
4193;cluster_5
4194;cluster_2
4195;cluster_0
4196;cluster_3
4197;cluster_5
4198;cluster_5
4199;cluster_3
4200;cluster_3
4201;cluster_3
4202;cluster_3
4203;cluster_3
4204;cluster_3
4205;cluster_1
4206;cluster_1
4207;cluster_3
4208;cluster_3
4209;cluster_2
4210;cluster_4
4211;cluster_5
4212;cluster_2
4213;cluster_3
4214;cluster_2
4215;cluster_0
4216;cluster_3
4217;cluster_4
4218;cluster_3
4219;cluster_2